Id,Name,Email,ShirtSize
1,Gayleen Maffeo,gmaffeo0@t-online.de,L
2,Dasie Roizn,droizn1@businesswire.com,L
3,Lotti Drews,ldrews2@webnode.com,XL
4,Merlina Mapam,mmapam3@samsung.com,3XL
5,Aarika O' Faherty,ao4@hud.gov,M
6,Rochette Taffee,rtaffee5@yellowbook.com,S
7,Lewiss Shorte,lshorte6@list-manage.com,M
8,Allianora Paling,apaling7@msu.edu,XS
9,Matilda Tolomio,mtolomio8@nbcnews.com,2XL
10,Thornie O'Driscoll,todriscoll9@earthlink.net,XL
11,Maia Monard,mmonarda@scientificamerican.com,L
12,Tulley Warlaw,twarlawb@accuweather.com,S
13,Jimmie Dring,jdringc@nationalgeographic.com,M
14,Bessy Woodhouse,bwoodhoused@skyrock.com,S
15,Marcelia Radclyffe,mradclyffee@upenn.edu,M
16,Kristofer Gommes,kgommesf@discuz.net,M
17,Bryan Sindell,bsindellg@amazon.de,S
18,Willyt Burchett,wburchetth@friendfeed.com,M
19,Rona Dunlop,rdunlopi@cloudflare.com,XS
20,Olva MacAne,omacanej@pen.io,S
21,Darill Scarf,dscarfk@oracle.com,2XL
22,Antonella Munn,amunnl@tiny.cc,S
23,Eloise Freear,efreearm@census.gov,XL
24,Cathrin Noblet,cnobletn@jalbum.net,2XL
25,Talbert Borrowman,tborrowmano@mediafire.com,3XL
26,Corbin Pervoe,cpervoep@columbia.edu,M
27,Keane Degue,kdegueq@list-manage.com,S
28,Brendis Bury,bburyr@i2i.jp,XS
29,Nathaniel Dundin,ndundins@cisco.com,M
30,Kata Hunnam,khunnamt@typepad.com,3XL
31,Cory Skentelbery,cskentelberyu@bizjournals.com,XL
32,Niel Windas,nwindasv@de.vu,XL
33,Emory Bernade,ebernadew@istockphoto.com,2XL
34,Wayne Honniebal,whonniebalx@webmd.com,XL
35,Almeria Gionettitti,agionettittiy@naver.com,L
36,Perle Wintle,pwintlez@multiply.com,2XL
37,Francis McGuff,fmcguff10@forbes.com,XL
38,Rose Kinzel,rkinzel11@seattletimes.com,XL
39,Lisette Luckie,lluckie12@newyorker.com,XL
40,Waldemar Duddan,wduddan13@irs.gov,L
41,Stepha Scotchmur,sscotchmur14@dyndns.org,L
42,Isac Thurstance,ithurstance15@bbc.co.uk,XL
43,Alane Hollow,ahollow16@storify.com,L
44,Whit Cornwell,wcornwell17@ifeng.com,2XL
45,Robinson Statham,rstatham18@usgs.gov,S
46,Anatollo Quinnet,aquinnet19@xrea.com,M
47,Monica Snelgrove,msnelgrove1a@huffingtonpost.com,L
48,Ogdon Siddons,osiddons1b@hao123.com,M
49,Skylar Rosnau,srosnau1c@example.com,S
50,Lyle Riddington,lriddington1d@google.nl,XL
51,Cassey Bosdet,cbosdet1e@digg.com,S
52,Orelia Ringsell,oringsell1f@xinhuanet.com,3XL
53,Guillema Woodison,gwoodison1g@wufoo.com,XL
54,Lil Bellringer,lbellringer1h@theglobeandmail.com,2XL
55,Burg Stubbley,bstubbley1i@umn.edu,2XL
56,Kalli Learmonth,klearmonth1j@youtube.com,XL
57,Fern Dewdney,fdewdney1k@mail.ru,L
58,Win Sutherley,wsutherley1l@columbia.edu,S
59,Elisha Pingstone,epingstone1m@parallels.com,M
60,Bernie Menci,bmenci1n@uol.com.br,3XL
61,Salomone Prandy,sprandy1o@so-net.ne.jp,3XL
62,Kennith Klebes,kklebes1p@tumblr.com,S
63,Isidor Goggins,igoggins1q@businessinsider.com,XS
64,Richard McFeat,rmcfeat1r@netscape.com,3XL
65,Angie Falkner,afalkner1s@artisteer.com,XS
66,Doug Salatino,dsalatino1t@google.com.hk,XS
67,Corabelle Edwardson,cedwardson1u@cisco.com,XL
68,Antoine Briance,abriance1v@quantcast.com,XS
69,Noelle Bicker,nbicker1w@examiner.com,3XL
70,Drucy Klarzynski,dklarzynski1x@utexas.edu,L
71,Putnem Norcross,pnorcross1y@hhs.gov,XS
72,Patrick Treend,ptreend1z@1688.com,M
73,Constantin Duhig,cduhig20@phpbb.com,M
74,Karine Millbank,kmillbank21@auda.org.au,2XL
75,Mason Alves,malves22@tamu.edu,2XL
76,Bekki Brosio,bbrosio23@amazonaws.com,L
77,Dario Creer,dcreer24@free.fr,XL
78,Francisca Cluelow,fcluelow25@hexun.com,L
79,Alissa Redford,aredford26@dion.ne.jp,S
80,Artur Treacy,atreacy27@livejournal.com,L
81,Filberto Idle,fidle28@patch.com,XL
82,Emanuele Stanlick,estanlick29@mapy.cz,XL
83,Tiebold Bengtson,tbengtson2a@umn.edu,M
84,Madelle Chattington,mchattington2b@nbcnews.com,3XL
85,Hugues Coules,hcoules2c@last.fm,XL
86,Vale Hertwell,vhertwell2d@dion.ne.jp,M
87,Auberon Shawel,ashawel2e@ucsd.edu,3XL
88,Jolynn Morten,jmorten2f@webs.com,XS
89,Olympie Pozer,opozer2g@wiley.com,M
90,Irita Hubeaux,ihubeaux2h@mediafire.com,XS
91,Anjanette Eastbrook,aeastbrook2i@addthis.com,M
92,Cassy McAtamney,cmcatamney2j@odnoklassniki.ru,XS
93,Floris Cookley,fcookley2k@vinaora.com,XL
94,Nonie Fardy,nfardy2l@blogspot.com,L
95,Brunhilda Mars,bmars2m@networksolutions.com,2XL
96,Suellen Szachniewicz,sszachniewicz2n@ustream.tv,XS
97,Flore Welbeck,fwelbeck2o@nifty.com,L
98,Abbe McColl,amccoll2p@typepad.com,S
99,Francoise Konerding,fkonerding2q@imdb.com,XL
100,Michaelina Potbury,mpotbury2r@ucoz.com,M
